n,gamma
100000,74920.827498994187
100001,74921.929793958414
100002,74922.59417520092
100003,74922.96157134897
100004,74923.661332357859
100005,74924.024245366858
100006,74925.04225774948
100007,74925.650874746836
100008,74925.880008795855
100009,74926.540803766051
100010,74927.602547980589
100011,74928.154278564951
100012,74928.972602291532
100013,74929.812159118999
100014,74930.532575639154
100015,74931.123737666361
100016,74931.32901116894
100017,74932.232373184593
100018,74932.8968279883
100019,74934.028028613833
100020,74934.206305840944
100021,74934.988164150616
100022,74935.466144786178
100023,74935.956356830649
100024,74936.700837971354
100025,74937.575564922087
100026,74938.307650584927
100027,74939.124903613742
100028,74939.697764292076
100029,74940.791695409418
100030,74941.028428230999
100031,74941.808110083956
100032,74942.310537994651
100033,74942.601394078546
100034,74943.504402819262
100035,74944.199927938983
100036,74944.96898463116
100037,74945.744824282915
100038,74946.102216061964
100039,74947.106451125383
100040,74947.60773317078
100041,74948.503321089772
100042,74948.907867119385
100043,74949.967871462668
100044,74950.40689747183
100045,74950.997462494944
100046,74951.846050133547
100047,74952.387889485018
100048,74952.815563051005
100049,74953.698006292442
100050,74954.295294162823
100051,74954.717237875563
100052,74955.081491290137
100053,74956.937371869176
100054,74957.326729750113
100055,74957.843013643254
100056,74958.438697150879
100057,74959.032619467489
100058,74959.676941570006
100059,74960.465205593949
100060,74960.886181394032
100061,74961.688666681699
100062,74962.481129491788
100063,74962.840974030482
100064,74963.700065358176
100065,74964.243726011253
100066,74965.195017565089
100067,74965.520785336616
100068,74966.452507042665
100069,74967.329894711435
100070,74967.806014717278
100071,74968.554732512179
100072,74969.444146432401
100073,74969.818815116609
100074,74970.32891527796
100075,74970.790707994249
100076,74971.406638594661
100077,74972.478950196297
100078,74972.813063652767
100079,74973.911644911925
100080,74974.449349640656
100081,74975.118341071889
100082,74976.263144893298
100083,74976.554803299455
100084,74977.014059893332
100085,74977.829891921502
100086,74978.214582549578
100087,74979.113582759367
100088,74980.07481412512
100089,74980.55439120645
100090,74980.92297285796
100091,74981.632248094693
100092,74982.186833426521
100093,74982.928972157421
100094,74983.868202045861
100095,74984.673058242662
100096,74985.43406056735
100097,74986.196397862167
100098,74986.455335057829
100099,74987.112290830094
100100,74987.77886658939
100101,74988.573073488452
100102,74988.998038741353
100103,74989.661031511053
100104,74990.148594502918
100105,74991.239300105995
100106,74991.781122294389
100107,74992.780133631015
100108,74993.286744194236
100109,74993.872438609311
100110,74994.416690320682
100111,74995.087870989147
100112,74996.373653708828
100113,74996.632724223861
100114,74997.06641868613
100115,74997.726680913055
100116,74998.585337064242
100117,74999.281414802677
100118,74999.425570102915
100119,75000.370571881402
100120,75000.929763403405
100121,75002.152665286048
100122,75002.641240571845
100123,75003.681828694252
100124,75004.069448352227
100125,75004.523975043572
100126,75005.225415036963
100127,75005.969252669337
100128,75006.174175497367
100129,75007.11043657834
100130,75008.027724965326
100131,75008.629185919751
100132,75009.165224709315
100133,75009.748615135917
100134,75010.274873821844
100135,75011.624899397675
100136,75012.009693704102
100137,75012.660237861593
100138,75013.170337964879
100139,75014.224330258916
100140,75014.638579181078
100141,75015.451182040547
100142,75015.964896337017
100143,75016.466317489616
100144,75016.975725158617
100145,75017.509594351292
100146,75018.569133801518
100147,75019.219473786877
100148,75020.303830951083
100149,75020.919480802781
100150,75021.23633471096
100151,75022.060692751548
100152,75022.771956684615
100153,75023.209797510378
100154,75023.783339727804
100155,75024.871054586385
100156,75025.255403584988
100157,75025.883841949242
100158,75026.433669762304
100159,75027.389073389005
100160,75027.872056074796
100161,75028.572649683834
100162,75029.025531196292
100163,75030.180696936664
100164,75031.060173354026
100165,75031.61159325147
100166,75032.157018794083
100167,75032.606516576238
100168,75033.263238734261
100169,75033.866300750144
100170,75034.492049689145
100171,75035.330658637881
100172,75035.898106243745
100173,75036.364891139234
100174,75037.366483891946
100175,75038.393287363266
100176,75038.928115603144
100177,75039.150229286887
100178,75040.341109625483
100179,75040.660992165072
100180,75041.135489273772
100181,75042.204908905149
100182,75042.799400168948
100183,75043.569330125588
100184,75044.003069279246
100185,75044.428481408506
100186,75045.232653316664
100187,75045.622603399629
100188,75046.653561308627
100189,75047.733444990721
100190,75048.33106245501
100191,75048.826329463093
100192,75049.38933503407
100193,75050.370309332631
100194,75050.892224121809
100195,75051.257893229862
100196,75051.911703882526
100197,75052.414328797716
100198,75053.285664646058
100199,75054.34307750782
100200,75054.721104902478
100201,75055.175323343404
100202,75056.174536489012
100203,75056.821005956496
100204,75057.477498313159
100205,75058.116240183658
100206,75059.013108188157
100207,75059.493535049448
100208,75060.408980776331
100209,75060.656782202641
100210,75061.332631643054
100211,75062.041653601799
100212,75062.779884633246
100213,75063.070831534256
100214,75063.894196570872
100215,75064.664600812801
100216,75065.724198319924
100217,75066.482437488374
100218,75067.214872058972
100219,75067.535984705341
100220,75068.03865060398
100221,75068.409923304154
100222,75069.700768892945
100223,75070.138702220733
100224,75070.73869917186
100225,75071.497101267058
100226,75072.080593395646
100227,75072.614237975184
100228,75073.309055022764
100229,75074.426509778341
100230,75074.6873911337
100231,75075.527612590343
100232,75076.309996812716
100233,75077.253569257094
100234,75077.536082723127
100235,75078.300472952406
100236,75078.877674922988
100237,75079.315779244161
100238,75080.123608754642
100239,75080.611795750637
100240,75081.015643054947
100241,75082.470740324164
100242,75083.041140527101
100243,75083.39184489185
100244,75084.602142921787
100245,75084.732928915989
100246,75085.741659750258
100247,75086.280168512843
100248,75086.780815011174
100249,75087.606729716828
100250,75088.008162758175
100251,75089.126083188438
100252,75089.565888391132
100253,75090.163112360395
100254,75090.694798258913
100255,75091.154850865962
100256,75092.055328053381
100257,75093.148982918884
100258,75094.047199305627
100259,75094.299215288863
100260,75094.999086996236
100261,75095.809455557157
100262,75096.19501786355
100263,75096.75521227686
100264,75097.545430108624
100265,75097.978637638482
100266,75099.022844894528
100267,75099.389791728619
100268,75100.04533116188
100269,75101.06768115682
100270,75101.763592307538
100271,75102.547033125932
100272,75102.846419234242
100273,75103.507781765619
100274,75104.254640880705
100275,75105.216252239827
100276,75105.768106086291
100277,75106.612426637015
100278,75106.859429991029
100279,75107.067888948607
100280,75108.210098129038
100281,75108.889633918719
100282,75109.391521735418
100283,75110.155079699891
100284,75111.247009355555
100285,75112.053374593352
100286,75112.401396394127
100287,75113.060980745172
100288,75113.784302364318
100289,75114.339800927309
100290,75114.739338801241
100291,75115.370708819296
100292,75116.539185140314
100293,75116.906821196961
100294,75117.552279147261
100295,75118.364166323629
100296,75118.916752452124
100297,75119.456857747085
100298,75120.395991740927
100299,75121.254504927014
100300,75121.844565339405
100301,75122.582616787005
100302,75122.97954526283
100303,75123.626333488092
100304,75124.56849735446
100305,75125.050593146824
100306,75125.548869402131
100307,75125.967805186571
100308,75126.686905332001
100309,75127.543917411781
100310,75128.70939947469
100311,75129.366461884283
100312,75129.763731903641
100313,75130.468491789749
100314,75131.027970904092
100315,75131.791465304025
100316,75132.292258564421
100317,75133.034350137498
100318,75133.818087665042
100319,75134.424419029749
100320,75134.918977439556
100321,75135.649924784457
100322,75136.297082778438
100323,75136.75138339796
100324,75137.905833519485
100325,75138.476284618073
100326,75138.954113351224
100327,75140.193337008686
100328,75140.783163680389
100329,75141.242190492128
100330,75141.544489586618
100331,75142.367960820121
100332,75142.895524357952
100333,75143.448777388456
100334,75144.457862971194
100335,75145.070952752682
100336,75145.655230999956
100337,75146.382620800893
100338,75147.219072990863
100339,75148.242985034488
100340,75148.471303090738
100341,75149.027844171343
100342,75149.585079880338
100343,75150.698555329003
100344,75151.195967472396
100345,75151.856796440049
100346,75152.369141518775
100347,75153.198819398011
100348,75153.669748371069
100349,75154.073836439745
100350,75154.744511782951
100351,75155.959671582674
100352,75156.81834850855
100353,75157.44044805118
100354,75157.968669510901
100355,75158.492499471713
100356,75159.173296660015
100357,75159.74784286637
100358,75160.657810976269
100359,75161.086656732701
100360,75161.371935012014
100361,75162.469065784518
100362,75163.110593487256
100363,75164.120361153158
100364,75164.273891658956
100365,75165.31215288826
100366,75165.666481987536
100367,75166.618476965833
100368,75167.359763282596
100369,75168.009922835557
100370,75168.751129245261
100371,75169.125172505804
100372,75169.965209070873
100373,75170.353627545697
100374,75171.040300069737
100375,75171.611619318096
100376,75172.490945028523
100377,75172.809303157119
100378,75174.203519066375
100379,75174.633213844657
100380,75175.474027669652
100381,75176.170491432109
100382,75176.623565438159
100383,75177.147294670865
100384,75177.80700528949
100385,75178.179497798652
100386,75179.499922930542
100387,75180.035380098546
100388,75180.534286171398
100389,75181.097553392482
100390,75181.394913620716
100391,75182.790118958906
100392,75183.153178371013
100393,75183.92276620996
100394,75184.905752336433
100395,75185.337483523476
100396,75185.910292250708
100397,75187.015814551751
100398,75187.337465466367
100399,75187.751720255656
100400,75188.334157416918
100401,75189.169723026072
100402,75189.576797837464
100403,75190.539729237051
100404,75191.180548636804
100405,75192.281438180583
100406,75192.812801550296
100407,75193.336858674928
100408,75193.855347768393
100409,75194.680741708585
100410,75195.352717185854
100411,75196.114828550676
100412,75196.55387695973
100413,75197.234331313166
100414,75197.99918635963
100415,75198.549759567883
100416,75199.195003007062
100417,75199.962315091226
100418,75200.25840985118
100419,75201.045115911645
100420,75202.567815296445
100421,75202.8524501383
100422,75203.555396857576
100423,75204.055104975565
100424,75204.622834310384
100425,75205.274850523442
100426,75205.84293384709
100427,75206.696303441365
100428,75207.043946734965
100429,75207.886774587934
100430,75208.783658180082
100431,75209.183486240494
100432,75209.929575321049
100433,75210.93791317239
100434,75211.674108122755
100435,75211.77654123502
100436,75212.814886424301
100437,75213.177051267259
100438,75214.358047725436
100439,75214.953453501471
100440,75215.170793218095
100441,75216.239506438685
100442,75216.38039951271
100443,75216.912834001367
100444,75217.734936163719
100445,75218.803404900058
100446,75219.729833023158
100447,75219.934642684599
100448,75220.987787919855
100449,75221.586081174013
100450,75222.244427070237
100451,75222.734192412176
100452,75223.166263146222
100453,75223.910986798777
100454,75224.718934753848
100455,75225.286235815439
100456,75226.104885687094
100457,75226.951872413678
100458,75227.027210690231
100459,75227.974820310504
100460,75228.743507669856
100461,75229.588745816193
100462,75230.009771941601
100463,75231.115539944011
100464,75231.751068790679
100465,75232.127001726259
100466,75232.536402012362
100467,75233.347613282087
100468,75234.143124706921
100469,75234.769607109225
100470,75235.004031370199
100471,75235.812648934652
100472,75236.65236099227
100473,75237.853384070969
100474,75238.494146411058
100475,75238.831626065994
100476,75239.457656049505
100477,75240.017696244483
100478,75240.774634172665
100479,75241.397394654778
100480,75242.313582427295
100481,75242.956843744574
100482,75243.181141691653
100483,75244.098004870414
100484,75244.664018236705
100485,75245.327990720362
100486,75245.874798686689
100487,75247.001136564362
100488,75247.524651434007
100489,75248.404667134255
100490,75249.106358659941
100491,75249.45562032964
100492,75250.358074626147
100493,75251.005692634115
100494,75251.427440102103
100495,75251.554249699791
100496,75252.602374663326
100497,75253.609660917013
100498,75254.172648086182
100499,75254.738968944437
100500,75255.610815665042
100501,75256.242912793716
100502,75256.866303803942
100503,75257.884684467651
100504,75258.134570630684
100505,75258.775336557893
100506,75259.431291454211
100507,75260.479122910589
100508,75260.882681943744
100509,75261.559844921027
100510,75262.007307731639
100511,75262.501208344488
100512,75263.484649260625
100513,75263.806067163529
100514,75265.116200592057
100515,75265.949183715304
100516,75266.469812389395
100517,75267.093220116014
100518,75267.396994924421
100519,75268.200236484546
100520,75269.002477520173
100521,75269.24363679576
100522,75270.228007898843
100523,75270.919759715012
100524,75271.461187369909
100525,75271.884477933008
100526,75273.139095352604
100527,75273.578040894227
100528,75274.434232773231
100529,75274.73967659296
100530,75275.445142964119
100531,75276.693559087042
100532,75277.05685412872
100533,75277.761592051116
100534,75278.185884879899
100535,75278.998090461378
100536,75279.197278604082
100537,75280.221362542683
100538,75280.772991471416
100539,75281.19014863126
100540,75282.395321380102
100541,75283.135469744547
100542,75283.776883326466
100543,75284.531078964544
100544,75285.079566826804
100545,75285.661873380242
100546,75286.173738864102
100547,75286.850210014969
100548,75287.580767752654
100549,75288.141054853194
100550,75289.297691452551
100551,75289.59110028577
100552,75290.101912166312
100553,75290.662036705536
100554,75291.369957912572
100555,75292.563274961341
100556,75293.280785831814
100557,75293.672358377339
100558,75294.462688966619
100559,75295.112055808565
100560,75295.744378872661
100561,75296.361180452857
100562,75296.920943440942
100563,75297.498741766649
100564,75298.132655673625
100565,75298.513357831335
100566,75299.780741829471
100567,75300.54621528311
100568,75300.998741763896
100569,75301.796373785206
100570,75302.734859160772
100571,75302.995698639016
100572,75303.292875502466
100573,75304.585360317302
100574,75305.093131293308
100575,75305.826271271564
100576,75306.322667135238
100577,75306.826756595621
100578,75307.550612238867
100579,75308.264293100145
100580,75308.91851790518
100581,75309.469174979964
100582,75310.375191767328
100583,75311.380289634704
100584,75311.92408161737
100585,75312.863214385202
100586,75313.08544093831
100587,75313.574854544169
100588,75314.098755405946
100589,75314.958183020435
100590,75315.688287739246
100591,75316.299474619915
100592,75317.010831539861
100593,75317.665136302185
100594,75318.231272993232
100595,75319.360005275265
100596,75319.696998712974
100597,75320.559137293336
100598,75321.009453016623
100599,75321.944971064921
100600,75322.385509209794
100601,75323.205291321282
100602,75323.812841359673
100603,75324.610571667051
100604,75324.950082638955
100605,75325.41538098161
100606,75326.194342432927
100607,75326.672620412464
100608,75327.891742421379
100609,75328.964365355665
100610,75329.337411487473
100611,75329.691577293306
100612,75330.381572618517
100613,75331.434804976524
100614,75331.731223403553
100615,75332.467870353787
100616,75332.764095203597
100617,75333.68696532554
100618,75334.631109644701
100619,75335.078503810631
100620,75335.572262370094
100621,75336.527670679206
100622,75336.952436269432
100623,75337.821605518209
100624,75338.474854390998
100625,75339.522160920985
100626,75339.921493257234
100627,75340.65408401217
100628,75341.200279448083
100629,75341.82328274844
100630,75342.317863370672
100631,75342.948560394404
100632,75343.538440253964
100633,75344.569898298074
100634,75344.946204803384
100635,75345.627921867921
100636,75346.924297642815
100637,75347.502688555618
100638,75347.89827977838
100639,75348.50967383779
100640,75349.24179790761
100641,75349.474295315322
100642,75350.571332297254
100643,75351.586427765768
100644,75351.893068893511
100645,75352.153296242852
100646,75353.290694572187
100647,75353.443581696509
100648,75354.292002860012
100649,75355.419271322072
100650,75355.693840396743
100651,75356.962190599527
100652,75357.241959482512
100653,75358.176612644811
100654,75358.626053616213
100655,75359.106613764181
100656,75359.955252983443
100657,75360.423588410271
100658,75360.976577218459
100659,75361.512845912154
100660,75362.569883727491
100661,75363.279276110454
100662,75364.026371931896
100663,75364.720850188811
100664,75365.011040105899
100665,75366.066611364025
100666,75366.715775626529
100667,75367.183145746521
100668,75368.102297125563
100669,75368.706658989638
100670,75369.057776437142
100671,75369.84295433611
100672,75370.791238360145
100673,75371.097198766295
100674,75371.796303449558
100675,75371.850705183849
100676,75373.466375474507
100677,75374.145851658721
100678,75374.947686273781
100679,75375.39945834111
100680,75376.163410166078
100681,75376.524250653059
100682,75377.211711603917
100683,75377.714741388584
100684,75378.548762720338
100685,75379.372422160852
100686,75379.805639291772
100687,75380.551989511254
100688,75381.24924615325
100689,75381.669042638307
100690,75382.92276787418
100691,75383.377228611891
100692,75384.001193986954
100693,75384.503863088258
100694,75385.400079519405
100695,75386.429357636246
100696,75386.809744997221
100697,75387.201836418462
100698,75387.775511007161
100699,75388.415988996123
100700,75389.038054750148
100701,75389.809319201406
100702,75390.569570615958
100703,75391.431074952849
100704,75392.23311760051
100705,75392.758880840146
100706,75393.666967415869
100707,75393.962624047883
100708,75394.606993776249
100709,75395.348796634121
100710,75395.844921207118
100711,75396.647932513152
100712,75397.368228056849
100713,75398.138466958751
100714,75398.42180397254
100715,75399.375453808419
100716,75399.743153678001
100717,75400.540076571533
100718,75401.291126422425
100719,75402.637769162554
100720,75402.986423052192
100721,75403.275562166469
100722,75404.020333342726
100723,75404.686611504095
100724,75405.456944087794
100725,75405.96793542444
100726,75406.411800978715
100727,75407.327329936371
100728,75407.594973477794
100729,75408.791816639749
100730,75409.526625758133
100731,75410.352135071073
100732,75410.871826030779
100733,75411.293810996488
100734,75411.94021229271
100735,75412.894463043583
100736,75413.463739018317
100737,75413.964734345239
100738,75414.998631399335
100739,75415.426551576893
100740,75416.017712375648
100741,75416.216360104373
100742,75417.294329245076
100743,75417.992870347884
100744,75418.64337907876
100745,75419.734296585986
100746,75420.173223778847
100747,75420.983723615059
100748,75421.701278886777
100749,75422.162706343239
100750,75422.803341581424
100751,75423.184237876248
100752,75423.700577104714
100753,75424.706822807212
100754,75425.651727392398
100755,75425.991003507115
100756,75426.751707840472
100757,75427.122425361619
100758,75428.487193716772
100759,75428.734588809777
100760,75429.618951214072
100761,75430.002320910236
100762,75430.968310928406
100763,75431.621636471473
100764,75432.102911293233
100765,75432.895170779978
100766,75433.452141784656
100767,75433.864855137909
100768,75434.759951764161
100769,75435.088819676489
100770,75435.732959568533
100771,75437.287571737904
100772,75437.655509327055
100773,75438.452774688483
100774,75438.864919104402
100775,75439.659708306692
100776,75439.795743452855
100777,75440.880782550815
100778,75441.602550503656
100779,75442.031165729434
100780,75442.876633056315
100781,75443.128311847285
100782,75444.246652617911
100783,75444.997737111587
100784,75445.180575788388
100785,75446.088516231523
100786,75446.988331336519
100787,75447.478900862549
100788,75448.522816893918
100789,75449.052326551272
100790,75449.789593515256
100791,75450.045473515394
100792,75450.692158863892
100793,75451.474959157341
100794,75451.999883842777
100795,75452.540697320359
100796,75453.396667509208
100797,75454.256255443672
100798,75455.044476945522
100799,75455.529927521522
100800,75456.444420678824
100801,75457.05166663288
100802,75457.804287920894
100803,75458.028375784958
100804,75458.497965610018
100805,75459.829911735865
100806,75460.220317952921
100807,75461.003749921185
100808,75461.607266319909
100809,75461.867152399585
100810,75462.612427196334
100811,75463.257254393094
100812,75464.460258571806
100813,75465.291450102002
100814,75465.464839660688
100815,75466.587858562192
100816,75467.026193080538
100817,75467.523192649689
100818,75468.389530210058
100819,75468.865574253165
100820,75469.233760539084
100821,75470.034301882822
100822,75470.944187484638
100823,75471.408148522372
100824,75472.208148894696
100825,75473.211978511802
100826,75473.796996604005
100827,75474.122355753148
100828,75474.876322883873
100829,75475.655803015579
100830,75476.43126168318
100831,75477.256084052797
100832,75477.574634978644
100833,75478.177276375075
100834,75478.796990726381
100835,75479.564574603929
100836,75480.170483722992
100837,75480.679475463385
100838,75481.455747383912
100839,75482.133522179696
100840,75483.662860440739
100841,75483.832254459518
100842,75484.470133720173
100843,75484.80016454613
100844,75485.766602494107
100845,75486.114506457937
100846,75486.932787944118
100847,75487.379592781554
100848,75488.461736949648
100849,75489.036321573566
100850,75489.486437411483
100851,75490.04064231928
100852,75491.069161826205
100853,75491.67704150457
100854,75492.403715027861
100855,75493.149204016425
100856,75493.754073434908
100857,75494.417933691983
100858,75495.043313059956
100859,75495.94146850627
100860,75496.329901205323
100861,75497.046567060306
100862,75497.223498033931
100863,75497.859294742024
100864,75498.908859913627
100865,75499.865759789117
100866,75500.50911014405
100867,75501.181701945108
100868,75501.819970636303
100869,75502.393240957808
100870,75503.203754998735
100871,75503.689890858857
100872,75504.171386712113
100873,75505.041518496547
100874,75505.703004129187
100875,75506.333574163743
100876,75507.170082354784
100877,75507.444842435553
100878,75508.184462821672
100879,75508.99366614668
100880,75509.570274603863
100881,75510.515161269159
100882,75511.338658691721
100883,75512.087768527052
100884,75512.484899868658
100885,75513.194167422369
100886,75513.690489706711
100887,75513.896300068367
100888,75515.310158615438
100889,75515.542510559316
100890,75516.113901810905
100891,75516.882473032212
100892,75517.764096624859
100893,75518.553437766212
100894,75519.384296214005
100895,75519.915711450488
100896,75520.406133724987
100897,75520.871767044634
100898,75521.703937867376
100899,75522.770714284974
100900,75523.157521995332
100901,75523.80050052045
100902,75524.20383246557
100903,75525.096871356772
100904,75525.480720336659
100905,75526.224558245536
100906,75526.791629700373
100907,75528.178742447982
100908,75528.677896447718
100909,75529.219237695981
100910,75529.785498951274
100911,75530.815530271829
100912,75531.243012565693
100913,75531.483561163737
100914,75532.388953682936
100915,75532.948215871446
100916,75533.472543916072
100917,75534.602565262303
100918,75535.238647035638
100919,75535.78461285588
100920,75536.225204140355
100921,75537.152462958331
100922,75538.004873360151
100923,75538.52655763957
100924,75539.315721434327
100925,75539.989262175614
100926,75540.33513417072
100927,75541.380326724324
100928,75541.87594023649
100929,75542.21753588564
100930,75543.074910954721
100931,75543.578932454289
100932,75544.105866117847
100933,75545.113105728458
100934,75546.152941704192
100935,75546.751217194386
100936,75547.496227892985
100937,75547.929103019027
100938,75548.355052932431
100939,75549.192691390011
100940,75549.590524088562
100941,75550.604478344769
100942,75551.243616233907
100943,75551.963204147467
100944,75552.269458250117
100945,75552.913142900213
100946,75553.741997623396
100947,75554.846063130839
100948,75555.104889877311
100949,75555.668691001
100950,75556.721536278765
100951,75557.638942344703
100952,75557.971236450213
100953,75558.626548820207
100954,75559.164453706873
100955,75559.817386591706
100956,75560.33540039736
100957,75560.79304595691
100958,75561.9136064991
100959,75562.4248619492
100960,75563.162705292502
100961,75564.214395867188
100962,75564.641567757825
100963,75565.406795998308
100964,75565.820729374998
100965,75566.617343609708
100966,75567.480503664166
100967,75567.659144372293
100968,75568.455263102248
100969,75569.438544176823
100970,75569.90217797039
100971,75570.544970718449
100972,75571.198694716255
100973,75571.39559392837
100974,75572.296635491655
100975,75573.658137228436
100976,75574.035892674371
100977,75575.13901251678
100978,75575.330657950198
100979,75575.651342511713
100980,75576.752385891545
100981,75577.303988288022
100982,75577.890562662672
100983,75578.284454051133
100984,75579.013365569783
100985,75580.122582028579
100986,75580.303425251783
100987,75581.406907165764
100988,75582.092112154003
100989,75582.590733678672
100990,75583.549700132951
100991,75583.826776799408
100992,75584.510624623852
100993,75585.463012018332
100994,75586.419732189341
100995,75586.580714553802
100996,75587.154426010389
100997,75587.729679462405
100998,75588.50356809123
100999,75589.06754662573
101000,75589.781925427469
101001,75590.603130258759
101002,75591.507840507025
101003,75592.075587720516
101004,75593.01492274092
101005,75593.61300709999
101006,75594.130623191418
101007,75594.300178681936
101008,75595.229892432254
101009,75595.690945011352
101010,75597.011162813431
101011,75597.221490642242
101012,75597.762301320271
101013,75598.668504666704
101014,75599.264746677245
101015,75599.810037211988
101016,75600.771459513829
101017,75601.579933989046
101018,75602.040695193382
101019,75602.780206137728
101020,75603.663030905123
101021,75603.967488918418
101022,75604.653821037345
101023,75605.317068681742
101024,75606.049869240942
101025,75606.424515349373
101026,75606.960203825887
101027,75607.666538891182
101028,75609.213231215468
101029,75609.548129425988
101030,75610.188706492243
101031,75610.68973990455
101032,75611.346060595211
101033,75612.171795689215
101034,75612.609396604188
101035,75613.545222491931
101036,75613.870094483156
101037,75614.771915196139
101038,75615.258086141548
101039,75616.052161743637
101040,75616.61492288208
101041,75617.147877885696
101042,75617.965119232613
101043,75618.682672246233
101044,75619.71688015257
101045,75620.269875770901
101046,75620.946457464103
101047,75621.549037350936
101048,75622.195869405032
101049,75622.583147747933
101050,75623.156272534429
101051,75623.860578227411
101052,75624.571169480549
101053,75625.565683024547
101054,75626.017948962373
101055,75626.483013969913
101056,75627.61531643207
101057,75628.414459594732
101058,75628.959757971451
101059,75629.293931579252
101060,75629.966473425571
101061,75630.821362616874
101062,75631.504515978381
101063,75632.256200155676
101064,75632.980183426993
101065,75633.340438021489
101066,75633.720999533667
101067,75634.369421702568
101068,75635.540480531645
101069,75635.836565921423
101070,75637.130095889079
101071,75637.728280209339
101072,75638.316565593085
101073,75638.907505941705
101074,75639.403402622563
101075,75640.144107445116
101076,75640.804570756518
101077,75641.328931390469
101078,75641.924875627662
101079,75642.611858728932
101080,75643.535575022074
101081,75644.21702787207
101082,75644.616493230481
101083,75645.720627744565
101084,75646.238992317399
101085,75646.395847762385
101086,75647.858028671255
101087,75648.466797507523
101088,75648.851990175842
101089,75649.496238912066
101090,75650.065815796981
101091,75650.783110828734
101092,75651.511989058775
101093,75651.919005170622
101094,75652.563198898725
101095,75653.175818317123
101096,75654.263065867515
101097,75655.307859588255
101098,75655.634584056108
101099,75656.280204437899
101100,75657.070519630744
101101,75657.460095786011
101102,75657.947718600291
101103,75658.731985136066
101104,75659.621881924739
101105,75660.18813263979
101106,75660.967872752153
101107,75661.401075175921
101108,75661.910253946617
101109,75662.605481242773
101110,75663.649704058132
101111,75664.344416927888
101112,75665.080472616164
101113,75665.476440586691
101114,75666.323725811182
101115,75667.340792506063
101116,75667.534245547994
101117,75668.252187042001
101118,75668.593430376434
101119,75669.19183202366
101120,75670.170749263768
101121,75670.540789244292
101122,75671.823673282345
101123,75672.164417474947
101124,75673.106366714793
101125,75673.615279584158
101126,75674.313622431153
101127,75675.073292011944
101128,75675.548699188251
101129,75676.016339526092
101130,75677.211771504084
101131,75677.629665299112
101132,75678.060201331251
101133,75678.736622517874
101134,75679.756270344651
101135,75680.073618604895
101136,75680.521476690433
101137,75681.34996981954
101138,75682.525340721211
101139,75683.383604268538
101140,75683.825756839933
101141,75684.368283098604
101142,75684.964337647065
101143,75685.357526796089
101144,75686.279147635519
101145,75686.810919481675
101146,75687.551986681109
101147,75688.141450467801
101148,75688.742260879516
101149,75689.506816446913
101150,75690.519140498394
101151,75691.035208970575
101152,75691.639039259045
101153,75692.290949939286
101154,75693.02784036015
101155,75693.567252394177
101156,75694.608329100678
101157,75694.964590112294
101158,75695.889778134036
101159,75696.030997802537
101160,75696.965652859721
101161,75697.27839548851
101162,75697.874193457279
101163,75698.936995760576
101164,75699.916109446523
101165,75700.349953234349
101166,75701.198057678561
101167,75701.95355815526
101168,75702.222932794766
101169,75703.209331580514
101170,75703.659413087729
101171,75704.155423625601
101172,75704.517209875542
101173,75705.860369129776
101174,75706.440502450771
101175,75707.004792603968
101176,75707.364633344958
101177,75708.151804643268
101178,75709.020811843393
101179,75709.869012221112
101180,75710.304525225035
101181,75711.228033202873
101182,75712.001774020672
101183,75712.401031427251
101184,75712.854102099392
101185,75713.813469033223
101186,75714.346700221457
101187,75714.666059492306
101188,75715.581109585657
101189,75715.978743527478
101190,75717.014958549809
101191,75717.68334608825
101192,75718.992536476074
101193,75719.203605778944
101194,75719.68353406257
101195,75720.213591208583
101196,75720.880598228022
101197,75721.817790035332
101198,75722.599278695752
101199,75722.927569013383
101200,75723.755878627771
101201,75724.211721578209
101202,75724.814952695901
101203,75725.73842772843
101204,75726.181228940949
101205,75727.011007155751
101206,75727.720538477396
101207,75728.712939702769
101208,75729.298721655804
101209,75729.981977913275
101210,75730.464011947383
101211,75730.971286781865
101212,75731.722787111075
101213,75732.17452779995
101214,75732.773121379521
101215,75733.660470504402
101216,75734.354954844554
101217,75735.149073012486
101218,75736.000369713548
101219,75736.102296288441
101220,75737.358555822801
101221,75737.922395362664
101222,75738.414019579371
101223,75739.119365569213
101224,75739.700565881608
101225,75740.43319172038
101226,75741.316004546543
101227,75741.944988925058
101228,75742.116207583589
101229,75742.90180750853
101230,75743.589463368619
101231,75743.893178476133
101232,75745.464489490206
101233,75746.276969795811
101234,75746.462881105958
101235,75747.077200220094
101236,75748.1763545835
101237,75748.357924918965
101238,75749.102935377458
101239,75749.459201226978
101240,75750.545343699693
101241,75751.052616889479
101242,75751.56949363404
101243,75752.53251585902
101244,75752.902314027508
101245,75754.108676068128
101246,75754.317812273387
101247,75755.255026890278
101248,75755.690230411666
101249,75756.523158278607
101250,75757.563653473316
101251,75757.941689562449
101252,75758.60163490704
101253,75759.068728943653
101254,75759.483809181447
101255,75760.260995895035
101256,75761.241508820923
101257,75761.601612567721
101258,75762.110237745745
101259,75763.450593462257
101260,75764.06614021006
101261,75764.70426541164
101262,75765.386655405144
101263,75765.966205154472
101264,75766.238945361166
101265,75767.063543264427
101266,75767.838236532629
101267,75768.485004603303
101268,75769.262651750383
101269,75769.894774281484
101270,75770.322449016211
101271,75771.009604518585
101272,75771.567131489566
101273,75772.639265700336
101274,75773.233757241535
101275,75774.257740095345
101276,75774.751462975221
101277,75775.078344668706
101278,75775.956443451682
101279,75776.61987512102
101280,75777.301412466424
101281,75777.765703791461
101282,75778.220283697182
101283,75778.67379305748
101284,75780.005867536333
101285,75780.58747041926
101286,75781.35509730063
101287,75782.088505125787
101288,75782.549558573462
101289,75783.260558774238
101290,75783.872333238035
101291,75784.653609772162
101292,75785.262322406936
101293,75785.955067042431
101294,75786.486159220554
101295,75787.27909212676
101296,75787.901767872428
101297,75788.26943982717
101298,75788.946387872468
101299,75789.845848706365
101300,75790.579970714023
101301,75791.258675949054
101302,75792.458903956041
101303,75792.792302226574
101304,75793.375677530473
101305,75794.013346803621
101306,75794.203494188635
101307,75795.260416809096
101308,75795.635159824441
101309,75796.581109704801
101310,75797.398384084052
101311,75797.797995374461
101312,75798.235746335762
101313,75799.408803384499
101314,75800.306516195785
101315,75800.53919653852
101316,75801.286311615645
101317,75801.846607416516
101318,75802.695318421221
101319,75803.634742671574
101320,75804.029730620163
101321,75804.46969967739
101322,75805.231960860001
101323,75805.834305967558
101324,75806.381458365565
101325,75806.794482441154
101326,75807.96718380565
101327,75808.89344569535
101328,75809.689994120497
101329,75810.003778548623
101330,75810.735066598369
101331,75811.199644957474
101332,75812.272271164831
101333,75812.566191938964
101334,75812.970054202586
101335,75814.060745776819
101336,75814.411217727454
101337,75815.337675905014
101338,75815.986040463527
101339,75816.824224976427
101340,75816.941154417459
101341,75817.781481845512
101342,75818.834260281793
101343,75819.688000192845
101344,75820.09043914337
101345,75820.712013256313
101346,75821.55582864427
101347,75822.013190587171
101348,75822.404067660959
101349,75823.305395523919
101350,75823.927067483423
101351,75824.244414735598
101352,75825.256793769634
101353,75825.870748597394
101354,75827.02984230872
101355,75827.527837420046
101356,75828.097523135094
101357,75828.949316418995
101358,75829.275467103694
101359,75829.865570778056
101360,75830.441552773697
101361,75831.693491210963
101362,75832.261120548224
101363,75832.600205915387
101364,75833.021315500419
101365,75833.805703800131
101366,75834.559423069066
101367,75835.260596506717
101368,75836.177582787182
101369,75836.772529854058
101370,75837.572520187487
101371,75838.236103785522
101372,75838.941825346876
101373,75839.533992212068
101374,75839.95405040194
101375,75840.513930719575
101376,75841.07892605707
101377,75841.965436153987
101378,75842.583112939894
101379,75843.373869177807
101380,75844.153420112249
101381,75844.687032654759
101382,75845.609815133009
101383,75846.13486509096
101384,75846.563945023988
101385,75847.634053476616
101386,75848.184170867574
101387,75848.778938877273
101388,75849.406634011903
101389,75849.914280165323
101390,75851.035494952695
101391,75851.227309337784
101392,75851.754966218244
101393,75852.54651994283
101394,75852.984529427393
101395,75854.452321971333
101396,75855.19146501955
101397,75855.612694996532
101398,75856.222542518582
101399,75856.689259430267
101400,75857.284833721825
101401,75858.165617655268
101402,75858.760566440935
101403,75859.213053399583
101404,75859.967596574442
101405,75860.849547741091
101406,75861.431759066703
101407,75861.820577919095
101408,75862.79209277909
101409,75863.74949601455
101410,75864.185227522819
101411,75864.481122428507
101412,75865.762370954833
101413,75866.407279731444
101414,75866.704502224777
101415,75867.778105362379
101416,75868.033179259718
101417,75868.516503079744
101418,75869.076762189329
101419,75869.898045712607
101420,75870.757645765155
101421,75871.539316621144
101422,75872.295873838248
101423,75872.783413452523
101424,75873.885414271793
101425,75874.358872132223
101426,75874.756866372296
101427,75875.287392553682
101428,75876.079314248062
101429,75876.697497616335
101430,75877.669651461657
101431,75878.083739638423
101432,75879.015420525583
101433,75879.117204904588
101434,75879.893137618612
101435,75880.781916090908
101436,75881.425228321797
101437,75882.398723351136
101438,75883.138306550886
101439,75883.677310989329
101440,75884.40950903534
101441,75884.607992076461
101442,75885.639398075287
101443,75885.959402611594
101444,75886.834422476206
101445,75887.273370832709
101446,75888.003703022734
101447,75888.458709201867
101448,75889.865207295981
101449,75890.449018654708
101450,75890.934524856023
101451,75891.520226473112
101452,75892.107153269542
101453,75892.901852556153
101454,75893.54573899972
101455,75894.392122293213
101456,75894.992615062436
101457,75895.388982894408
101458,75896.154911616859
101459,75896.621188877445
101460,75897.502327645131
101461,75898.068514264411
101462,75898.461347246751
101463,75899.83971819169
101464,75900.59431632699
101465,75900.841744004415
101466,75901.942596884089
101467,75902.180021673395
101468,75903.112411478828
101469,75903.398779988273
101470,75903.840811137597
101471,75904.620408608801
101472,75905.802812858272
101473,75906.194739146028
101474,75906.72133785709
101475,75907.497848581637
101476,75908.20087999234
101477,75908.939745506901
101478,75909.871867030525
101479,75910.367443087098
101480,75910.770448056032
101481,75911.575566919621
101482,75912.465797350595
101483,75913.193867342572
101484,75913.401416507004
101485,75914.183057790987
101486,75914.660559118904
101487,75915.239028650816
101488,75915.955007891019
101489,75917.059039969339
101490,75917.791939534314
101491,75918.652316523259
101492,75919.113918595108
101493,75919.525574028786
101494,75920.278168027264
101495,75920.887951770312
101496,75921.553308890206
101497,75922.270430944137
101498,75922.87589514688
101499,75923.565838500207
101500,75924.123262640514
101501,75924.851438490624
101502,75925.637263116394
101503,75926.334845919324
101504,75926.7284155466
101505,75927.657724138715
101506,75928.45221356335
101507,75929.505348407708
101508,75929.8435019284
101509,75930.164608004018
101510,75930.659799643194
101511,75931.775625972121
101512,75932.082769136446
101513,75932.789666439337
101514,75933.272528877586
101515,75934.408219652515
101516,75934.845096384142
101517,75935.822109294586
101518,75936.766789125817
101519,75936.938703274403
101520,75937.760611597384
101521,75938.135832990228
101522,75939.091906480427
101523,75939.450039525379
101524,75940.495472603453
101525,75940.980091132421
101526,75941.746162055848
101527,75942.325168622578
101528,75942.694431291346
101529,75943.089022301068
101530,75944.452801104808
101531,75945.251217108988
101532,75945.813336942898
101533,75946.533997503985
101534,75947.055952075219
101535,75947.834602471558
101536,75948.485335116886
101537,75948.909843900632
101538,75949.589889296679
101539,75950.063207486554
101540,75950.647146398078
101541,75951.80476957645
101542,75952.478385170932
101543,75952.829798883051
101544,75953.832862941028
101545,75954.535608346089
101546,75954.901111419139
101547,75955.977182602416
101548,75956.109322856081
101549,75957.395847838487
101550,75957.747890459189
101551,75958.326740836161
101552,75959.116824860883
101553,75959.364496218153
101554,75960.299670762893
101555,75960.958543889085
101556,75961.425747664327
101557,75962.093517078618
101558,75963.361035421553
101559,75964.150226996951
101560,75964.640561715478
101561,75965.050160959001
101562,75965.841843853378
101563,75966.275985067382
101564,75966.651191030588
101565,75967.892899359638
101566,75968.384299320469
101567,75969.074660970838
101568,75969.448321320932
101569,75970.330719783659
101570,75970.980718982028
101571,75971.886922794002
101572,75972.39668277356
101573,75973.027240149505
101574,75973.972152365288
101575,75974.633293716626
101576,75974.949069685682
101577,75976.148950842908
101578,75976.381457556247
101579,75977.071719101099
101580,75977.356410061754
101581,75978.242517492982
101582,75978.763701869313
101583,75979.55139517073
101584,75980.868254631972
101585,75981.250778368385
101586,75981.891827401182
101587,75982.259332416425
101588,75983.474282007039
101589,75983.780270446169
101590,75984.373121993406
101591,75984.94747909692
101592,75985.651042258645
101593,75986.561237528056
101594,75987.102212826069
101595,75987.82514325039
101596,75988.248548668675
101597,75988.751307917538
101598,75989.779982659412
101599,75990.378011066994
101600,75991.642487204887
101601,75991.843795924485
101602,75992.714839859705
101603,75993.126289254173
101604,75993.829622150717
101605,75994.507345607662
101606,75994.765385703768
101607,75995.739840843512
101608,75996.300222462286
101609,75996.998609905449
101610,75997.679547702802
101611,75998.448687397371
101612,75999.425403630416
101613,76000.161044947398
101614,76000.465432558689
101615,76001.19938132152
101616,76001.360776329851
101617,76002.905337907682
101618,76003.182341292596
101619,76003.934158999298
101620,76004.437605887378
101621,76005.000092350575
101622,76005.518695960295
101623,76006.465834019425
101624,76006.763313801574
101625,76008.046527429074
101626,76008.442979442801
101627,76009.44088510277
101628,76010.183343339711
101629,76010.695542585466
101630,76011.081347367935
101631,76011.815481524421
101632,76012.431103936233
101633,76013.180949136163
101634,76013.388912417111
101635,76014.517155600398
101636,76015.238282066771
101637,76015.972317259284
101638,76016.297320643287
101639,76017.121727316955
101640,76017.930117165174
101641,76018.655319404601
101642,76019.267147201847
101643,76020.112631360621
101644,76020.536663131799
101645,76021.262890310544
101646,76021.709188467127
101647,76022.722640330755
101648,76023.195976501524
101649,76023.670136174258
101650,76023.923680266883
101651,76024.973137319952
101652,76026.202474293673
101653,76026.819021978652
101654,76027.344319254588
101655,76028.181529815367
101656,76028.471570219393
101657,76029.126492282356
101658,76029.881718435292
101659,76030.508513022674
101660,76031.050163312506
101661,76032.264138467432
101662,76032.432018490975
101663,76032.807885273612
101664,76033.883947384803
101665,76034.485815750689
101666,76035.180058128908
101667,76036.106589002838
101668,76036.474049714787
101669,76037.337330114367
101670,76038.289368456945
101671,76038.792060299721
101672,76039.369132037074
101673,76039.723824399122
101674,76040.316988104597
101675,76040.943857819084
101676,76041.812721877302
101677,76042.615610203165
101678,76043.04132381584
101679,76043.924247194493
101680,76044.905422599985
101681,76045.486144279897
101682,76045.843308534061
101683,76046.824444459109
101684,76047.183262641822
101685,76047.75947620312
101686,76048.601803837052
101687,76049.453753024294
101688,76050.087286778948
101689,76050.320583614013
101690,76051.176781119145
101691,76051.828006841547
101692,76052.301389405971
101693,76052.978791342185
101694,76054.530889164234
101695,76054.853469565883
101696,76055.425433309227
101697,76055.970569186262
101698,76056.579093602795
101699,76057.339413569256
101700,76058.013320012275
101701,76058.599413450208
101702,76058.823514268402
101703,76059.933882172337
101704,76060.400020503494
101705,76061.371346091691
101706,76062.164504336772
101707,76062.719809564192
101708,76063.206602920115
101709,76063.999046618575
101710,76064.667053234477
101711,76065.48941202284
101712,76066.065571559115
101713,76066.743121904984
101714,76067.37258872158
101715,76067.884946379413
101716,76068.500653445657
101717,76069.043982551732
101718,76069.760888872692
101719,76070.504309207413
101720,76071.346015776618
101721,76072.273463809591
101722,76072.775269150188
101723,76073.675929830027
101724,76074.191002837238
101725,76074.698555285674
101726,76075.072265474564
101727,76075.72153594627
101728,76076.661951857455
101729,76077.347951407443
101730,76078.183054394147
101731,76078.547740105998
101732,76079.139545264597
101733,76079.657747916087
101734,76081.103825284332
101735,76081.394973734733
101736,76081.877239675427
101737,76082.833434435077
101738,76083.554785107889
101739,76084.198634632127
101740,76084.744006362152
101741,76085.262198888014
101742,76086.023918146893
101743,76086.535792314456
101744,76087.009500654097
101745,76087.675574509756
101746,76088.660883238509
101747,76089.817319753707
101748,76090.074342558085
101749,76090.921149589177
101750,76091.454280750268
101751,76091.9536154104
101752,76092.628881058198
101753,76093.424409788739
101754,76094.367926551381
101755,76094.568570065302
101756,76094.979794334079
101757,76096.274335799814
101758,76096.736776836152
101759,76097.047973630832
101760,76097.951277311771
101761,76098.510614355031
101762,76099.460571243227
101763,76100.44904264018
101764,76101.073054727983
101765,76101.459363999034
101766,76102.08994856936
101767,76102.747300243733
101768,76103.23908173938
101769,76103.905226114788
101770,76104.591693301264
101771,76105.241638852135
101772,76105.935129010712
101773,76106.879811108736
101774,76107.275963749483
101775,76108.253987735764
101776,76109.00004206143
101777,76109.465458708309
101778,76110.137261067334
101779,76110.59464635626
101780,76111.344987751051
101781,76112.345836620579
101782,76113.048241398993
101783,76113.293996172804
101784,76113.914282035631
101785,76114.470871063489
101786,76115.017029298392
101787,76116.090672481298
101788,76116.803359069851
101789,76117.753737560922
101790,76118.422400455007
101791,76118.658437296847
101792,76119.661227936999
101793,76120.291401805866
101794,76120.746854165814
101795,76121.165327572091
101796,76121.849861595849
101797,76122.783975365353
101798,76123.476541597001
101799,76123.983081397631
101800,76124.663792369774
101801,76125.679390198037
101802,76126.094019271413
101803,76126.623517771082
101804,76127.504223508336
101805,76128.443150304027
101806,76128.935125655103
101807,76129.554159246918
101808,76130.274588875262
101809,76130.553045169189
101810,76131.442595770978
101811,76131.960529425887
101812,76132.796057158082
101813,76133.15755564749
101814,76133.723640840684
101815,76135.077688926132
101816,76135.855762883224
101817,76136.599247039816
101818,76136.848661968044
101819,76137.145876375909
101820,76138.358373039767
101821,76138.658512623748
101822,76139.310722674674
101823,76140.388078030488
101824,76140.751897196636
101825,76141.406244618328
101826,76142.02905108312
101827,76142.617703234439
101828,76143.422808010711
101829,76144.107162541099
101830,76145.124621312563
101831,76145.514695685219
101832,76146.277413995442
101833,76147.091911323349
101834,76147.594870338257
101835,76148.391018780211
101836,76148.646084351849
101837,76149.423876237403
101838,76149.852889384975
101839,76150.358602042878
101840,76151.845936979359
101841,76152.094647578096
101842,76152.914081002537
101843,76153.522247825239
101844,76154.396723331849
101845,76155.080162638677
101846,76155.441820831882
101847,76156.24904494546
101848,76156.694145783343
101849,76157.70129151612
101850,76158.144797377875
101851,76158.939102475186
101852,76159.446591478877
101853,76160.043876026659
101854,76160.797089099488
101855,76160.973791749733
101856,76162.446676712077
101857,76162.991457360461
101858,76163.790000013276
101859,76164.671508241102
101860,76165.124633949475
101861,76165.224835482357
101862,76166.013431945323
101863,76166.905827163261
101864,76167.524847540037
101865,76168.065410059713
101866,76168.723741800139
101867,76169.400172967614
101868,76170.186037047701
101869,76171.064248862523
101870,76171.750010343839
101871,76172.284762540585
101872,76172.844190905606
101873,76173.367410227004
101874,76174.592402421244
101875,76175.151646128336
101876,76175.576337427539
101877,76176.148184434514
101878,76176.852523499358
101879,76177.311925979045
101880,76178.189751489481
101881,76178.519420914614
101882,76179.395827584939
101883,76180.642422155422
101884,76181.017244426196
101885,76181.785641793821
101886,76182.360075065214
101887,76183.107887716475
101888,76183.578451874767
101889,76184.306280959851
101890,76184.548379692271
101891,76185.451503297653
101892,76186.304144426569
101893,76187.132766611046
101894,76187.512129477741
101895,76188.015849725431
101896,76188.767748029787
101897,76189.544665559376
101898,76190.515342980976
101899,76191.085037803163
101900,76191.938202974882
101901,76192.15525676835
101902,76192.984422783624
101903,76193.754622863743
101904,76194.548396354971
101905,76194.658704885062
101906,76195.151643127341
101907,76196.228709630005
101908,76196.657498875582
101909,76197.503542704899
101910,76198.797432731245
101911,76199.113265961536
101912,76199.626138896551
101913,76200.592287537643
101914,76200.740116763839
101915,76201.524635269126
101916,76202.341461160192
101917,76203.035194233729
101918,76203.787055820552
101919,76204.219972744673
101920,76204.837862973075
101921,76205.262079380042
101922,76206.387353701838
101923,76206.943470010272
101924,76207.473874978382
101925,76208.257891652076
101926,76209.50858273505
101927,76209.938399415504
101928,76210.288405170989
101929,76211.172549007644
101930,76211.671641206366
101931,76211.942361372325
101932,76212.779813700086
101933,76213.63800440013
101934,76214.156827811114
101935,76215.038951148737
101936,76215.450897802462
101937,76216.634168450128
101938,76216.940508436054
101939,76217.882444047994
101940,76218.345904472085
101941,76219.033746018728
101942,76219.628994797087
101943,76220.593158760892
101944,76220.838017953118
101945,76221.762253880981
101946,76222.541064156437
101947,76222.829497089769
101948,76223.459995031969
101949,76223.808828894142
101950,76224.824209806462
101951,76226.120736655238
101952,76226.724861290926
101953,76227.047321873095
101954,76227.724445845533
101955,76228.563739411278
101956,76228.917098564067
101957,76229.762358481591
101958,76230.285489914508
101959,76230.778602950414
101960,76231.549961553369
101961,76232.311636710576
101962,76233.183550844374
101963,76233.617952184904
101964,76234.176625227008
101965,76235.243331549074
101966,76235.713515790019
101967,76236.362205965073
101968,76237.097848674162
101969,76238.063488309687
101970,76238.644834774209
101971,76239.008140975522
101972,76239.498819676125
101973,76240.16680791859
101974,76241.158879482515
101975,76241.316896541262
101976,76242.123508476802
101977,76243.255100661687
101978,76243.547391141185
101979,76244.820282363851
101980,76245.29158609454
101981,76245.997041599225
101982,76246.381656905237
101983,76246.79774491384
101984,76247.497042921582
101985,76248.570579098117
101986,76249.176235241597
101987,76249.730051797099
101988,76250.284428069127
101989,76250.861617427437
101990,76251.623915937686
101991,76252.220848308408
101992,76253.202159276336
101993,76253.838460042264
101994,76254.689611282024
101995,76255.159713260207
101996,76255.975214642478
101997,76256.475710356102
101998,76257.058243624005
101999,76257.692217635296
